8.54E+17,I've just watched episode S02E08 of Silicon Valley! #siliconvalley https://t.co/uzDYLlolcU https://t.co/jZuVPVuUJX
8.55E+17,I've just watched episode S02E09 of Silicon Valley! #siliconvalley https://t.co/IS5w6yADp3 https://t.co/BKYJ8DVuxl
8.54E+17,I've just watched episode S03E06 of Silicon Valley! #siliconvalley https://t.co/29z9qq6BaU https://t.co/YM78LGiCZX
8.53E+17,"Jan, Director, Inside Sales. They call me ""Jan the Man."" #S03E02 #SiliconValley https://t.co/vEmQBaxBH5"
8.54E+17,"I just watched Silicon Valley 3x01 ""Founder Friendly"" https://t.co/VfidvXDVUB #SiliconValley #trakt"
8.52E+17,"https://t.co/b2V4MGUIRM #SiliconValley new series due soon, funniest thing I've seen in a long time. Modern #PunkRock"
8.54E+17,"His name is ""Pipey"" the Pied Piper Piper. He's fun and now the demo's interactive... #SiliconValley https://t.co/FdTp5KwxhL"
8.53E+17,Even Pied Piper chilled on a bank holiday! ðŸ“ºRelax and watch S1-3 of #SiliconValley https://t.co/Gub62jlBEu
8.53E+17,Do you like #ThomasMiddleditch in #SiliconValley? RENT JOSHY TODAY AT BLOCKBUSTER! https://t.co/LQSDJU6RJC
8.53E+17,Do you like #ThomasMiddleditch in #SiliconValley? RENT JOSHY TODAY AT VIDEO EZY! https://t.co/99FVsnoARn
8.53E+17,"As far as Pied Piper is concerned, he's as pointless as Mass Effect 3's multiple endings. #SiliconValley https://t.co/NTdcqZpVdE"
8.53E+17,#SiliconValley is killing me omg so fucking hilarious and also I love Thomas middleditch more than anything
8.53E+17,#AprilTheGiraffe gives birth. Another streaming success for #PiedPiper ! #SiliconValley
8.52E+17,- #Zuckerberg - worth ~$44B - sues Hawaiians over privacy on 700-acre $100M-Kauai paradise - https://t.co/Jq357kQZEg$FB #SM #SiliconValley
8.53E+17,' Orbit to Core: Scientific Synergy between @NASA &amp; @USGS ' #AmesResearchCenter @NASAAmes #Moffett #SiliconValley https://t.co/gD9MPnU4g0
8.55E+17,!! #SiliconValley invested millions in a juicer that works as well as your hands https://t.co/huQ8gm1q8m #entrepreneurship #VentureCapital
8.55E+17,""" #Alphabet: most influential player in #SiliconValley #HealthTech"" (@CNBC) https://t.co/lv2NNqb1S2#Healthcare #Health #MedTech #Technology"
8.52E+17,""" #Trump 's #immigration policies are opening a door to the #SiliconValley of the North"" &amp; #brexit too https://t.co/e7vfPIzjEv @BIUK_Finance"
8.54E+17,""" To improve diversity, go out of #SiliconValley"" via @LesieMiley https://t.co/WEpVkwVjMe https://t.co/P5Ey5K8t7P"
8.53E+17,"""#GM Expands Self-Driving Car Operations in #SiliconValley"" https://t.co/3Scs2V3Kdw #AutonomousCars #Technology #autotech #SelfDrivingCars"
8.52E+17,"""#SiliconValley has always been open and welcoming to people that are a bit weird"" @stevesilberman #Neurodiversity #DiversityatSAP"
8.52E+17,"""#SiliconValley is made for software"" @quentinsannie CEO @Devialet w/ CEO @Tempow ! #hardware #startup #LeadersParis https://t.co/zbiGJW1W9N"
8.52E+17,"""#SiliconValley kicks off fight on #netneutrality"": https://t.co/m8y0s0t3Og (via @sfiegerman) #FCC https://t.co/EMfThHy690"
8.52E+17,"""#SiliconValley Survival Guide"" Workshop with @geraldine @gilpenchina @JMcDonaldIntl @aureliasetton atâ€¦ https://t.co/PGNUs97DI1"
8.54E+17,"""#Slack grew mostly by #word of mouth, which is unusual for corporate #software"" #startup #sf #SiliconValley #tech https://t.co/OLJ3DAkRSz"
8.53E+17,"""#Venturecapital learns to live outside #SiliconValley | https://t.co/L4jR0zqtWD"" https://t.co/WBABiFaQWt #Startup #Entrepreneur #VC"
8.54E+17,"""(Ayn Rand) was Gordon Gekko with A-levels"" via @guardian https://t.co/xj3lWq7hdf #AynRand #uspoli #Trump #SiliconValley #greed"
8.53E+17,"""... #SiliconValley treatment of women falls disappointingly short."" ""It's time for boys club to grow up!"" Viaâ€¦ https://t.co/intaBHkLyj"
8.54E+17,""".@SVBizRosie &amp; .@SVbizjournal List #Top10 #SiliconValley #GolfCourses, but we found the toughest. #LifeIsExpensiveâ€¦ https://t.co/PEqMqihWNm"
8.53E+17,"""@Apple receives permit in #California to test self-driving cars: DMV"" ... ~@Reuters #SelfDrivingCars #SiliconValley https://t.co/NQ7ygCclC3"
8.54E+17,"""@henrylines: Register 4 @GlobalChamSFO Annual Intl Student Symposium in #siliconvalley on May 04. https://t.co/4YtCWPygyP #Entrepreneurship"
8.53E+17,"""@stripe's goal is to increase the GDP of the internet"" - @patrickc with @Jason #tech #startups #SiliconValley https://t.co/hDOtroo5t0"
8.52E+17,"""3 steps to building a high-demand product â€” without wasting any code"" /by @kriyaai https://t.co/ZX7WI9O1K0 #Startup #SiliconValley #Tech"
8.55E+17,"""A work of art which did not begin in emotion is not art."" - Paul CezzaneDamianJames Nares2014#siliconvalleyâ€¦ https://t.co/cZFityCJAp"
8.53E+17,"""After years of losing #AI scientists/start-ups to #SiliconValley, Canada focusing on keeping AI leaders"" @nytimesâ€¦ https://t.co/DjQd79St1d"
8.54E+17,"""Always take the high road, it's far less crowded."" ~ Charlie Munger#Entrepreneur #startup #SiliconValley #success #roadlesstravelled"
8.52E+17,"""and no matter how good something is, there's always gonna be someone who doesn't get it"" -monica #siliconvalley"
8.53E+17,"""Areas around the world have tried to replicate what's happening in #SiliconValley, &amp; it's very difficult."" William Ahmann, @SheppardMullin"
8.55E+17,"""Be determined to succeed or die trying!"" -@WilliamHDraper #CHMlive #Entrepreneurs #VentureCapital #Advice #SiliconValley"
8.55E+17,"""California has #SiliconValley but that's just fine because we've got #SiliconHoller."" - Morehead #Kentucky mayor quoting Rep. @HalRogersKY"
8.53E+17,"""Charity"" of #SiliconValley - 'It's a perfect storm': homeless spike in rural California linked to Silicon Valley https://t.co/qQAuSj9UNT"
8.54E+17,"""Countdown to Andrea Hoffman's #SiliconValley #CultureShifting w/end #StayTuned #MakeShiftHappen #TechDiversityâ€¦ https://t.co/TDo5C8OlVA"
8.54E+17,"""Does access to #technology bring about... the advancement of the common good?"" https://t.co/pEvhkCFBaE #ethics #SiliconValley cc @scuethics"
8.55E+17,"""Emperor's new clothes vibes"" before @business finally talks abt the pink ðŸ˜ in the room... #SiliconValley #startup https://t.co/L1liS85AGQ"
8.52E+17,"""Even Mac people are going to want MS Paint."" @gonkz @eOrtscheid #theworkshoppodcast #siliconvalley"
8.55E+17,"""Executive Order Triggers H-1B Jitters in #SiliconValley "" #Immigrant #h1bvisa https://t.co/WViVFkEEe4"
8.52E+17,"""Great things are done by a series of small things brought together."" - Vincent Van Gogh #productdesign #projectmanagement #SiliconValley"
8.55E+17,"""Happiness = Smiles - Frowns"" â˜ºï¸Love hearing @stevewoz share his story! #Apple #iPhone #USF #SiliconValleyâ€¦ https://t.co/pNbMKDsCzT"
8.55E+17,"""How One Tech Start-Up Ditched Its Brogrammers"" // #SiliconValley https://t.co/ZbxYcT8IQu"
8.52E+17,"""How to build a Unicorn"" /by Lev Kravinsky https://t.co/2dILfHZxRF #Startup #VentureCapital #Entrepreneurship #Tech #SiliconValley"
8.55E+17,"""I don't know about you, but I don't want someone else to make the world a better place better than we do."" #SiliconValley"
8.55E+17,"""I get heard to be ignored?"": #SiliconValley woman alleges decades of #domesticabuse at hands of CEO husband https://t.co/uFVQAowNYI"
8.55E+17,"""I started working at Apple about 18 months after I bought my Apple II""- Andy Hertzfeld#SiliconValley #Innovation #Inspiration #Tech $AAPL"
8.55E+17,"""Isn't #SiliconValley already the Silicon Valley of hardware?"" -Matt #shenzhen #documentary #wired https://t.co/7XkAb4JEfI"
8.55E+17,"""It doesn't matter who's buying and who's selling, it's the personal relationships that matter."" #CHMlive #Adviceâ€¦ https://t.co/TKCCTsdvqY"
8.52E+17,"""Making an Ethical Decision"": an #app: https://t.co/FZArm3mj5W #ethics #tech #highered #SiliconValley @SantaClaraUniv"
